﻿{
  "$schema": "http://schema.management.azure.com/schemas/2015-01-01/deploymentTemplate.json#",
  "contentVersion": "1.0.0.0",
  "parameters": {
    "webSiteName": {
      "type": "string",
      "minLength": 1
    },
    "mobileSiteName": {
      "type": "string",
      "minLength": 1
    },
    "sqlserverName": {
      "type": "string",
      "minLength": 1
    },
    "skuName": {
      "type": "string",
      "defaultValue": "F1",
      "allowedValues": [
        "F1",
        "D1",
        "B1",
        "B2",
        "B3",
        "S1",
        "S2",
        "S3",
        "P1",
        "P2",
        "P3",
        "P4"
      ],
      "metadata": {
        "description": "Describes plan's pricing tier and instance size. Check details at https://azure.microsoft.com/en-us/pricing/details/app-service/"
      }
    },
    "skuCapacity": {
      "type": "int",
      "defaultValue": 1,
      "minValue": 1,
      "metadata": {
        "description": "Describes plan's instance count"
      }
    },
    "administratorLogin": {
      "type": "string"
    },
    "administratorLoginPassword": {
      "type": "securestring"
    },
    "databaseName": {
      "type": "string"
    },
    "collation": {
      "type": "string",
      "defaultValue": "SQL_Latin1_General_CP1_CI_AS"
    },
    "edition": {
      "type": "string",
      "defaultValue": "Basic",
      "allowedValues": [
        "Basic",
        "Standard",
        "Premium"
      ]
    },
    "maxSizeBytes": {
      "type": "string",
      "defaultValue": "1073741824"
    },
    "requestedServiceObjectiveName": {
      "type": "string",
      "defaultValue": "Basic",
      "allowedValues": [
        "Basic",
        "S0",
        "S1",
        "S2",
        "P1",
        "P2",
        "P3"
      ],
      "metadata": {
        "description": "Describes the performance level for Edition"
      }
    }
  },
  "variables": {
    "hostingPlanName": "[uniqueString(resourceGroup().id)]",
    "notificationHubNamespace": "[concat('namespace', uniqueString(resourceGroup().id))]",
    "notificationHubName": "[concat('hub', uniqueString(resourceGroup().id))]"
  },
  "resources": [
    {
      "name": "[parameters('sqlserverName')]",
      "type": "Microsoft.Sql/servers",
      "location": "[resourceGroup().location]",
      "tags": {
        "displayName": "SqlServer"
      },
      "apiVersion": "2014-04-01-preview",
      "properties": {
        "administratorLogin": "[parameters('administratorLogin')]",
        "administratorLoginPassword": "[parameters('administratorLoginPassword')]"
      },
      "resources": [
        {
          "name": "[parameters('databaseName')]",
          "type": "databases",
          "location": "[resourceGroup().location]",
          "tags": {
            "displayName": "Database"
          },
          "apiVersion": "2014-04-01-preview",
          "dependsOn": [
            "[concat('Microsoft.Sql/servers/', parameters('sqlserverName'))]"
          ],
          "properties": {
            "edition": "[parameters('edition')]",
            "collation": "[parameters('collation')]",
            "maxSizeBytes": "[parameters('maxSizeBytes')]",
            "requestedServiceObjectiveName": "[parameters('requestedServiceObjectiveName')]"
          }
        },
        {
          "type": "firewallrules",
          "apiVersion": "2014-04-01-preview",
          "dependsOn": [
            "[concat('Microsoft.Sql/servers/', parameters('sqlserverName'))]"
          ],
          "location": "[resourceGroup().location]",
          "name": "AllowAllWindowsAzureIps",
          "properties": {
            "endIpAddress": "0.0.0.0",
            "startIpAddress": "0.0.0.0"
          }
        }
      ]
    },
    {
      "apiVersion": "2015-08-01",
      "name": "[variables('hostingPlanName')]",
      "type": "Microsoft.Web/serverfarms",
      "location": "[resourceGroup().location]",
      "tags": {
        "displayName": "HostingPlan"
      },
      "sku": {
        "name": "[parameters('skuName')]",
        "capacity": "[parameters('skuCapacity')]"
      },
      "properties": {
        "name": "[variables('hostingPlanName')]"
      }
    },
    {
      "apiVersion": "2015-08-01",
      "name": "[parameters('webSiteName')]",
      "type": "Microsoft.Web/sites",
      "location": "[resourceGroup().location]",
      "dependsOn": [
        "[concat('Microsoft.Web/serverFarms/', variables('hostingPlanName'))]"
      ],
      "tags": {
        "[concat('hidden-related:', resourceGroup().id, '/providers/Microsoft.Web/serverfarms/', variables('hostingPlanName'))]": "empty",
        "displayName": "Website"
      },
      "properties": {
        "name": "[parameters('webSiteName')]",
        "serverFarmId": "[resourceId('Microsoft.Web/serverfarms', variables('hostingPlanName'))]"
      },
      "resources": [
        {
          "apiVersion": "2015-08-01",
          "type": "config",
          "name": "connectionstrings",
          "dependsOn": [
            "[concat('Microsoft.Web/Sites/', parameters('webSiteName'))]"
          ],
          "properties": {
            "DefaultConnection": {
              "value": "[concat('Data Source=tcp:', reference(concat('Microsoft.Sql/servers/', parameters('sqlserverName'))).fullyQualifiedDomainName, ',1433;Initial Catalog=', parameters('databaseName'), ';User Id=', parameters('administratorLogin'), '@', parameters('sqlserverName'), ';Password=', parameters('administratorLoginPassword'), ';')]",
              "type": "SQLAzure"
            }
          }
        }
      ]
    },
    {
      "apiVersion": "2015-08-01",
      "name": "[parameters('mobileSiteName')]",
      "type": "Microsoft.Web/sites",
      "kind": "mobileapp",
      "location": "[resourceGroup().location]",
      "dependsOn": [
        "[concat('Microsoft.Web/serverFarms/', variables('hostingPlanName'))]"
      ],
      "tags": {
        "[concat('hidden-related:', resourceGroup().id, '/providers/Microsoft.Web/serverfarms/', variables('hostingPlanName'))]": "empty",
        "displayName": "MobileApp"
      },
      "properties": {
        "name": "[parameters('mobileSiteName')]",
        "serverFarmId": "[resourceId('Microsoft.Web/serverfarms', variables('hostingPlanName'))]",
        "kind": "mobileapp"
      },
      "resources": [
        {
          "apiVersion": "2015-08-01",
          "name": "appsettings",
          "type": "config",
          "dependsOn": [
            "[concat('Microsoft.Web/Sites/', parameters('mobileSiteName'))]",
            "[resourceId('Microsoft.NotificationHubs/namespaces/notificationHubs', variables('notificationHubNamespace'), variables('notificationHubName'))]"
          ],
          "properties": {
            "MS_NotificationHubName": "[variables('notificationHubName')]"
          }
        },
        {
          "apiVersion": "2015-08-01",
          "type": "config",
          "name": "connectionstrings",
          "dependsOn": [
            "[concat('Microsoft.Web/Sites/', parameters('mobileSiteName'))]",
            "[resourceId('Microsoft.NotificationHubs/namespaces/notificationHubs', variables('notificationHubNamespace'), variables('notificationHubName'))]"
          ],
          "properties": {
            "MS_TableConnectionString": {
              "value": "[concat('Data Source=tcp:', reference(concat('Microsoft.Sql/servers/', parameters('sqlserverName'))).fullyQualifiedDomainName, ',1433;Initial Catalog=', parameters('databaseName'), ';User Id=', parameters('administratorLogin'), '@', parameters('sqlserverName'), ';Password=', parameters('administratorLoginPassword'), ';')]",
              "type": "SQLServer"
            },
            "MS_NotificationHubConnectionString": {
              "value": "[listkeys(resourceId('Microsoft.NotificationHubs/namespaces/notificationHubs/authorizationRules', variables('notificationHubNamespace'), variables('notificationHubName'), 'DefaultFullSharedAccessSignature'), '2014-09-01').primaryConnectionString]",
              "type": "Custom"
            }
          }
        },
        {
          "apiVersion": "2015-01-01",
          "type": "providers/links",
          "name": "Microsoft.Resources/mobile-notificationhub",
          "dependsOn": [
            "[concat('Microsoft.Web/Sites/', parameters('mobileSiteName'))]",
            "[resourceId('Microsoft.NotificationHubs/namespaces/notificationHubs', variables('notificationHubNamespace'), variables('notificationHubName'))]"
          ],
          "properties": {
            "targetId": "[resourceId('Microsoft.NotificationHubs/namespaces/notificationHubs', variables('notificationHubNamespace'), variables('notificationHubName'))]"
          }
        }
      ]
    },
    {
      "apiVersion": "2014-09-01",
      "name": "[variables('notificationHubNamespace')]",
      "type": "Microsoft.NotificationHubs/namespaces",
      "location": "[resourceGroup().location]",
      "dependsOn": [

      ],
      "tags": {
        "displayName": "NotificationHub"
      },
      "properties": {
        "namespaceType": "NotificationHub",
        "messagingSku": 1
      },
      "resources": [
        {
          "apiVersion": "2014-09-01",
          "type": "Microsoft.NotificationHubs/namespaces/notificationHubs",
          "name": "[concat(variables('notificationHubNamespace'), '/', variables('notificationHubName'))]",
          "location": "[resourceGroup().location]",
          "dependsOn": [
            "[concat('Microsoft.NotificationHubs/namespaces/', variables('notificationHubNamespace'))]"
          ],
          "properties": {

          }
        }
      ]
    },
    {
      "apiVersion": "2014-04-01",
      "name": "[concat(variables('hostingPlanName'), '-', resourceGroup().name)]",
      "type": "Microsoft.Insights/autoscalesettings",
      "location": "East US",
      "tags": {
        "[concat('hidden-link:', resourceGroup().id, '/providers/Microsoft.Web/serverfarms/', variables('hostingPlanName'))]": "Resource",
        "displayName": "AutoScaleSettings"
      },
      "dependsOn": [
        "[concat('Microsoft.Web/serverfarms/', variables('hostingPlanName'))]"
      ],
      "properties": {
        "profiles": [
          {
            "name": "Default",
            "capacity": {
              "minimum": 1,
              "maximum": 2,
              "default": 1
            },
            "rules": [
              {
                "metricTrigger": {
                  "metricName": "CpuPercentage",
                  "metricResourceUri": "[concat(resourceGroup().id, '/providers/Microsoft.Web/serverfarms/', variables('hostingPlanName'))]",
                  "timeGrain": "PT1M",
                  "statistic": "Average",
                  "timeWindow": "PT10M",
                  "timeAggregation": "Average",
                  "operator": "GreaterThan",
                  "threshold": 80.0
                },
                "scaleAction": {
                  "direction": "Increase",
                  "type": "ChangeCount",
                  "value": 1,
                  "cooldown": "PT10M"
                }
              },
              {
                "metricTrigger": {
                  "metricName": "CpuPercentage",
                  "metricResourceUri": "[concat(resourceGroup().id, '/providers/Microsoft.Web/serverfarms/', variables('hostingPlanName'))]",
                  "timeGrain": "PT1M",
                  "statistic": "Average",
                  "timeWindow": "PT1H",
                  "timeAggregation": "Average",
                  "operator": "LessThan",
                  "threshold": 60.0
                },
                "scaleAction": {
                  "direction": "Decrease",
                  "type": "ChangeCount",
                  "value": 1,
                  "cooldown": "PT1H"
                }
              }
            ]
          }
        ],
        "enabled": false,
        "name": "[concat(variables('hostingPlanName'), '-', resourceGroup().name)]",
        "targetResourceUri": "[concat(resourceGroup().id, '/providers/Microsoft.Web/serverfarms/', variables('hostingPlanName'))]"
      }
    },
    {
      "apiVersion": "2014-04-01",
      "name": "[concat('ServerErrors ', parameters('webSiteName'))]",
      "type": "Microsoft.Insights/alertrules",
      "location": "East US",
      "dependsOn": [
        "[concat('Microsoft.Web/sites/', parameters('webSiteName'))]"
      ],
      "tags": {
        "[concat('hidden-link:', resourceGroup().id, '/providers/Microsoft.Web/sites/', parameters('webSiteName'))]": "Resource",
        "displayName": "ServerErrorsAlertRule"
      },
      "properties": {
        "name": "[concat('ServerErrors ', parameters('webSiteName'))]",
        "description": "[concat(parameters('webSiteName'), ' has some server errors, status code 5xx.')]",
        "isEnabled": false,
        "condition": {
          "odata.type": "Microsoft.Azure.Management.Insights.Models.ThresholdRuleCondition",
          "dataSource": {
            "odata.type": "Microsoft.Azure.Management.Insights.Models.RuleMetricDataSource",
            "resourceUri": "[concat(resourceGroup().id, '/providers/Microsoft.Web/sites/', parameters('webSiteName'))]",
            "metricName": "Http5xx"
          },
          "operator": "GreaterThan",
          "threshold": 0.0,
          "windowSize": "PT5M"
        },
        "action": {
          "odata.type": "Microsoft.Azure.Management.Insights.Models.RuleEmailAction",
          "sendToServiceOwners": true,
          "customEmails": [ ]
        }
      }
    },
    {
      "apiVersion": "2014-04-01",
      "name": "[concat('ForbiddenRequests ', parameters('webSiteName'))]",
      "type": "Microsoft.Insights/alertrules",
      "location": "East US",
      "dependsOn": [
        "[concat('Microsoft.Web/sites/', parameters('webSiteName'))]"
      ],
      "tags": {
        "[concat('hidden-link:', resourceGroup().id, '/providers/Microsoft.Web/sites/', parameters('webSiteName'))]": "Resource",
        "displayName": "ForbiddenRequestsAlertRule"
      },
      "properties": {
        "name": "[concat('ForbiddenRequests ', parameters('webSiteName'))]",
        "description": "[concat(parameters('webSiteName'), ' has some requests that are forbidden, status code 403.')]",
        "isEnabled": false,
        "condition": {
          "odata.type": "Microsoft.Azure.Management.Insights.Models.ThresholdRuleCondition",
          "dataSource": {
            "odata.type": "Microsoft.Azure.Management.Insights.Models.RuleMetricDataSource",
            "resourceUri": "[concat(resourceGroup().id, '/providers/Microsoft.Web/sites/', parameters('webSiteName'))]",
            "metricName": "Http403"
          },
          "operator": "GreaterThan",
          "threshold": 0,
          "windowSize": "PT5M"
        },
        "action": {
          "odata.type": "Microsoft.Azure.Management.Insights.Models.RuleEmailAction",
          "sendToServiceOwners": true,
          "customEmails": [ ]
        }
      }
    },
    {
      "apiVersion": "2014-04-01",
      "name": "[concat('CPUHigh ', variables('hostingPlanName'))]",
      "type": "Microsoft.Insights/alertrules",
      "location": "East US",
      "dependsOn": [
        "[concat('Microsoft.Web/serverfarms/', variables('hostingPlanName'))]"
      ],
      "tags": {
        "[concat('hidden-link:', resourceGroup().id, '/providers/Microsoft.Web/serverfarms/', variables('hostingPlanName'))]": "Resource",
        "displayName": "CPUHighAlertRule"
      },
      "properties": {
        "name": "[concat('CPUHigh ', variables('hostingPlanName'))]",
        "description": "[concat('The average CPU is high across all the instances of ', variables('hostingPlanName'))]",
        "isEnabled": false,
        "condition": {
          "odata.type": "Microsoft.Azure.Management.Insights.Models.ThresholdRuleCondition",
          "dataSource": {
            "odata.type": "Microsoft.Azure.Management.Insights.Models.RuleMetricDataSource",
            "resourceUri": "[concat(resourceGroup().id, '/providers/Microsoft.Web/serverfarms/', variables('hostingPlanName'))]",
            "metricName": "CpuPercentage"
          },
          "operator": "GreaterThan",
          "threshold": 90,
          "windowSize": "PT15M"
        },
        "action": {
          "odata.type": "Microsoft.Azure.Management.Insights.Models.RuleEmailAction",
          "sendToServiceOwners": true,
          "customEmails": [ ]
        }
      }
    },
    {
      "apiVersion": "2014-04-01",
      "name": "[concat('LongHttpQueue ', variables('hostingPlanName'))]",
      "type": "Microsoft.Insights/alertrules",
      "location": "East US",
      "dependsOn": [
        "[concat('Microsoft.Web/serverfarms/', variables('hostingPlanName'))]"
      ],
      "tags": {
        "[concat('hidden-link:', resourceGroup().id, '/providers/Microsoft.Web/serverfarms/', variables('hostingPlanName'))]": "Resource",
        "displayName": "AutoScaleSettings"
      },
      "properties": {
        "name": "[concat('LongHttpQueue ', variables('hostingPlanName'))]",
        "description": "[concat('The HTTP queue for the instances of ', variables('hostingPlanName'), ' has a large number of pending requests.')]",
        "isEnabled": false,
        "condition": {
          "odata.type": "Microsoft.Azure.Management.Insights.Models.ThresholdRuleCondition",
          "dataSource": {
            "odata.type": "Microsoft.Azure.Management.Insights.Models.RuleMetricDataSource",
            "resourceUri": "[concat(resourceGroup().id, '/providers/Microsoft.Web/serverfarms/', variables('hostingPlanName'))]",
            "metricName": "HttpQueueLength"
          },
          "operator": "GreaterThan",
          "threshold": 100.0,
          "windowSize": "PT5M"
        },
        "action": {
          "odata.type": "Microsoft.Azure.Management.Insights.Models.RuleEmailAction",
          "sendToServiceOwners": true,
          "customEmails": [ ]
        }
      }
    },
    {
      "apiVersion": "2014-04-01",
      "name": "[parameters('webSiteName')]",
      "type": "Microsoft.Insights/components",
      "location": "Central US",
      "dependsOn": [
        "[concat('Microsoft.Web/sites/', parameters('webSiteName'))]"
      ],
      "tags": {
        "[concat('hidden-link:', resourceGroup().id, '/providers/Microsoft.Web/sites/', parameters('webSiteName'))]": "Resource",
        "displayName": "AppInsightsComponent"
      },
      "properties": {
        "ApplicationId": "[parameters('webSiteName')]"
      }
    }
      ]
    }