{
  "images": [
    {
      "orientation": "portrait",
      "idiom": "iphone",
      "extent": "full-screen",
      "filename": "Default.png",
      "size": "320x480",
      "scale": "1x"
    },
    {
      "orientation": "portrait",
      "idiom": "iphone",
      "extent": "full-screen",
      "filename": "Default@2x.png",
      "size": "320x480",
      "scale": "2x"
    },
    {
      "orientation": "portrait",
      "idiom": "iphone",
      "extent": "full-screen",
      "filename": "Default-568h@2x.png",
      "size": "320x568",
      "subtype": "retina4",
      "scale": "2x"
    },
    {
      "orientation": "portrait",
      "idiom": "ipad",
      "extent": "to-status-bar",
      "filename": "Default-Portrait~ipad.png",
      "size": "768x1004",
      "scale": "1x"
    },
    {
      "orientation": "landscape",
      "idiom": "ipad",
      "extent": "to-status-bar",
      "filename": "Default-Landscape~ipad.png",
      "size": "1024x748",
      "scale": "1x"
    },
    {
      "orientation": "portrait",
      "idiom": "ipad",
      "extent": "to-status-bar",
      "filename": "Default-Portrait@2x~ipad.png",
      "size": "768x1004",
      "scale": "2x"
    },
    {
      "orientation": "landscape",
      "idiom": "ipad",
      "extent": "to-status-bar",
      "filename": "Default-Landscape@2x~ipad.png",
      "size": "1024x748",
      "scale": "2x"
    }
  ],
  "info": {
    "version": 1,
    "author": "xcode"
  }
}