﻿<?xml version="1.0" encoding="utf-8"?>
<resources>


  
  <style name="Theme.AppCompat.Light.NoActionBar" parent="@style/Theme.AppCompat.Light">
  </style>
  
  <style name="AppTheme" parent="@style/Theme.AppCompat.Light.NoActionBar">
    <item name="windowNoTitle">true</item>
    <!--We will be using the toolbar so no need to show ActionBar-->
    <item name="windowActionBar">false</item>
    <!-- Set theme colors from http://www.google.com/design/spec/style/color.html#color-color-palette-->
    <!-- colorPrimary is used for the default action bar background -->
    <item name="colorPrimary">@color/primary</item>
    <!-- colorPrimaryDark is used for the status bar -->
    <item name="colorPrimaryDark">@color/primaryDark</item>
    <!-- colorAccent is used as the default value for colorControlActivated
         which is used to tint widgets -->
    <item name="colorAccent">@color/accent</item>
    <!-- You can also set colorControlNormal, colorControlActivated
         colorControlHighlight and colorSwitchThumbNormal. -->
   
  </style>

  <style name="CalendarCell.DayHeader">
    <item name="android:textSize">14dp</item>
  </style>
  <style name="CalendarTitle">
    <item name="android:layout_gravity">left</item>
    <item name="android:paddingTop">0dp</item>
    <item name="android:paddingBottom">4dp</item>
  </style>

  <style name="CalendarCell.CalendarDate">
    <item name="android:textSize">14dp</item>
    <item name="android:background">@drawable/calendar_bg_selector</item>
    <item name="android:textColor">@color/calendar_text_selector</item>
    <item name="android:clickable">true</item>
    <item name="android:textStyle">normal</item>
    <item name="android:gravity">center</item>
  </style>
</resources>